RK,NAME,TEAM,SALARY
1,"Stephen Curry, PG",Golden State Warriors,"$40,231,758"
2,"Chris Paul, PG",Oklahoma City Thunder,"$38,506,482"
3,"Russell Westbrook, PG",Houston Rockets,"$38,506,482"
4,"James Harden, SG",Houston Rockets,"$38,199,000"
5,"Kevin Durant, PF",Brooklyn Nets,"$38,199,000"
6,"John Wall, PG",Houston Rockets,"$38,199,000"
7,"LeBron James, SF",Los Angeles Lakers,"$37,436,858"
8,"Kyle Lowry, PG",Toronto Raptors,"$34,996,296"
9,"Blake Griffin, PF",Detroit Pistons,"$34,449,964"
10,"Tobias Harris, PF",Philadelphia 76ers,"$32,742,000"
11,"Kemba Walker, PG",Boston Celtics,"$32,742,000"
12,"Jimmy Butler, SF",Miami Heat,"$32,742,000"
13,"Kawhi Leonard, SF",LA Clippers,"$32,742,000"
14,"Klay Thompson, SG",Golden State Warriors,"$32,742,000"
15,"Gordon Hayward, SF",Boston Celtics,"$32,700,690"
16,"Mike Conley, PG",Utah Jazz,"$32,511,624"
17,"Kyrie Irving, PG",Brooklyn Nets,"$31,742,000"
18,"Khris Middleton, SF",Milwaukee Bucks,"$30,603,448"
19,"Paul George, SG",LA Clippers,"$30,560,700"
20,"Paul Millsap, PF",Denver Nuggets,"$30,350,000"
21,"Damian Lillard, PG",Portland Trail Blazers,"$29,802,321"
22,"Kevin Love, PF",Cleveland Cavaliers,"$28,942,830"
23,"Nikola Vucevic, C",Orlando Magic,"$28,000,000"
24,"Al Horford, C",Philadelphia 76ers,"$28,000,000"
25,"DeMar DeRozan, SF",San Antonio Spurs,"$27,739,975"
26,"CJ McCollum, SG",Portland Trail Blazers,"$27,556,959"
27,"Joel Embiid, C",Philadelphia 76ers,"$27,504,630"
28,"Andrew Wiggins, SF",Golden State Warriors,"$27,504,630"
29,"Nikola Jokic, C",Denver Nuggets,"$27,504,630"
30,"Devin Booker, SG",Phoenix Suns,"$27,285,000"
31,"D'Angelo Russell, PG",Minnesota Timberwolves,"$27,285,000"
32,"Karl-Anthony Towns, C",Minnesota Timberwolves,"$27,285,000"
33,"Kristaps Porzingis, C",Dallas Mavericks,"$27,285,000"
34,"Otto Porter Jr., SF",Chicago Bulls,"$27,250,575"
35,"Bradley Beal, SG",Washington Wizards,"$27,093,019"
36,"Andre Drummond, C",Cleveland Cavaliers,"$27,093,019"
37,"Anthony Davis, PF",Los Angeles Lakers,"$27,093,018"
38,"Hassan Whiteside, C",Portland Trail Blazers,"$27,093,017"
39,"Jrue Holiday, PG",New Orleans Pelicans,"$26,231,111"
40,"LaMarcus Aldridge, F",San Antonio Spurs,"$26,000,000"
41,"Steven Adams, C",Oklahoma City Thunder,"$25,842,697"
42,"Giannis Antetokounmpo, PF",Milwaukee Bucks,"$25,842,697"
43,"Marc Gasol, C",Toronto Raptors,"$25,595,700"
44,"Nicolas Batum, PF",Charlotte Hornets,"$25,565,217"
45,"Chandler Parsons, SF",Atlanta Hawks,"$25,102,511"
46,"Harrison Barnes, SF",Sacramento Kings,"$24,147,727"
47,"Serge Ibaka, C",Toronto Raptors,"$23,271,604"
48,"Rudy Gobert, C",Utah Jazz,"$23,241,573"
49,"Danilo Gallinari, PF",Oklahoma City Thunder,"$22,615,559"
50,"Victor Oladipo, SG",Indiana Pacers,"$21,000,000"
51,"Tim Hardaway Jr., SF",Dallas Mavericks,"$20,025,127"
52,"Malcolm Brogdon, PG",Indiana Pacers,"$20,000,000"
53,"Terry Rozier, SG",Charlotte Hornets,"$19,894,737"
54,"Aaron Gordon, PF",Orlando Magic,"$19,863,636"
55,"Zach LaVine, SG",Chicago Bulls,"$19,500,000"
56,"Kent Bazemore, SF",Sacramento Kings,"$19,269,662"
57,"Goran Dragic, PG",Miami Heat,"$19,217,900"
58,"Jeff Teague, PG",Atlanta Hawks,"$19,000,000"
59,"Evan Turner, G",Atlanta Hawks,"$18,606,556"
60,"Tristan Thompson, C",Cleveland Cavaliers,"$18,539,130"
61,"Draymond Green, PF",Golden State Warriors,"$18,539,130"
62,"Allen Crabbe, G",Minnesota Timberwolves,"$18,500,000"
63,"Julius Randle, PF",New York Knicks,"$18,000,000"
64,"Myles Turner, C",Indiana Pacers,"$18,000,000"
65,"Gary Harris, SG",Denver Nuggets,"$17,839,286"
66,"Derrick Favors, C",New Orleans Pelicans,"$17,650,000"
67,"Andre Iguodala, F",Miami Heat,"$17,185,185"
68,"Evan Fournier, SG",Orlando Magic,"$17,150,000"
69,"Bismack Biyombo, C",Charlotte Hornets,"$17,000,000"
70,"Bojan Bogdanovic, SF",Utah Jazz,"$17,000,000"
71,"Timofey Mozgov, C",Orlando Magic,"$16,720,000"
72,"Gorgui Dieng, C",Memphis Grizzlies,"$16,229,213"
73,"Ricky Rubio, PG",Phoenix Suns,"$16,200,000"
74,"Jonas Valanciunas, C",Memphis Grizzlies,"$16,000,000"
75,"Brandon Knight, G",Detroit Pistons,"$15,643,750"
76,"Kelly Oubre Jr., SG",Phoenix Suns,"$15,625,000"
77,"Eric Bledsoe, SG",Milwaukee Bucks,"$15,625,000"
78,"Dennis Schroder, PG",Oklahoma City Thunder,"$15,500,000"
79,"Ian Mahinmi, C",Washington Wizards,"$15,450,051"
80,"James Johnson, PF",Minnesota Timberwolves,"$15,349,400"
81,"Bobby Portis, C",New York Knicks,"$15,000,000"
82,"Marcus Morris Sr., SF",LA Clippers,"$15,000,000"
83,"Clint Capela, C",Houston Rockets,"$14,896,552"
84,"Luke Babbitt, F",Miami Heat,"$14,651,700"
85,"Danny Green, SF",Los Angeles Lakers,"$14,634,146"
86,"Rudy Gay, SF",San Antonio Spurs,"$14,500,000"
87,"Cody Zeller, C",Charlotte Hornets,"$14,471,910"
88,"Eric Gordon, SG",Houston Rockets,"$14,057,730"
89,"Mason Plumlee, C",Denver Nuggets,"$14,041,096"
90,"Marcin Gortat, C",LA Clippers,"$13,565,218"
91,"JJ Redick, SG",New Orleans Pelicans,"$13,486,300"
92,"Jordan Clarkson, PG",Utah Jazz,"$13,437,500"
93,"Dewayne Dedmon, C",Atlanta Hawks,"$13,333,333"
94,"Jusuf Nurkic, C",Portland Trail Blazers,"$13,125,000"
95,"Justise Winslow, PF",Miami Heat,"$13,000,000"
96,"Thaddeus Young, PF",Chicago Bulls,"$12,900,000"
97,"Will Barton, SF",Denver Nuggets,"$12,776,786"
98,"Courtney Lee, G",Dallas Mavericks,"$12,759,670"
99,"Solomon Hill, SF",Miami Heat,"$12,758,781"
100,"Larry Nance Jr., PF",Cleveland Cavaliers,"$12,727,273"
101,"Kelly Olynyk, PF",Miami Heat,"$12,667,885"
102,"Marcus Smart, PG",Boston Celtics,"$12,553,571"
103,"Miles Plumlee, C",Memphis Grizzlies,"$12,500,000"
104,"Terrence Ross, SG",Orlando Magic,"$12,500,000"
105,"Nikola Mirotic, F",Milwaukee Bucks,"$12,500,000"
106,"Patty Mills, PG",San Antonio Spurs,"$12,428,571"
107,"Tyreke Evans, G",Indiana Pacers,"$12,400,000"
108,"Patrick Beverley, PG",LA Clippers,"$12,345,680"
109,"Trevor Ariza, SF",Portland Trail Blazers,"$12,195,122"
110,"Brook Lopez, C",Milwaukee Bucks,"$12,093,023"
111,"Cory Joseph, PG",Sacramento Kings,"$12,000,000"
112,"Joe Ingles, SG",Utah Jazz,"$11,954,546"
113,"Zach Randolph, F",Dallas Mavericks,"$11,692,308"
114,"Tony Snell, SF",Detroit Pistons,"$11,392,857"
115,"Robert Covington, PF",Houston Rockets,"$11,301,219"
116,"Meyers Leonard, C",Miami Heat,"$11,286,516"
117,"Omer Asik, C",Chicago Bulls,"$11,286,516"
118,"Maurice Harkless, SF",New York Knicks,"$11,011,234"
119,"T.J. Warren, SF",Indiana Pacers,"$10,810,000"
120,"Andre Roberson, F",Oklahoma City Thunder,"$10,740,740"
121,"Spencer Dinwiddie, PG",Brooklyn Nets,"$10,605,600"
122,"Jeremy Lamb, SG",Indiana Pacers,"$10,500,000"
123,"Dwight Powell, C",Dallas Mavericks,"$10,259,375"
124,"Norman Powell, SF",Toronto Raptors,"$10,116,576"
125,"Josh Richardson, SG",Philadelphia 76ers,"$10,116,576"
126,"Darren Collison, G",Indiana Pacers,"$10,000,000"
127,"Tomas Satoransky, SG",Chicago Bulls,"$10,000,000"
128,"DeAndre Jordan, C",Brooklyn Nets,"$9,881,598"
129,"Zion Williamson, PF",New Orleans Pelicans,"$9,757,440"
130,"Markelle Fultz, PG",Orlando Magic,"$9,745,200"
131,"John Henson, F",Detroit Pistons,"$9,732,396"
132,"Matthew Dellavedova, PG",Cleveland Cavaliers,"$9,607,500"
133,"Dante Exum, PG",Cleveland Cavaliers,"$9,600,000"
134,"Deandre Ayton, C",Phoenix Suns,"$9,562,920"
135,"Delon Wright, SG",Dallas Mavericks,"$9,473,684"
136,"Fred VanVleet, SG",Toronto Raptors,"$9,346,153"
137,"Jerami Grant, SF",Denver Nuggets,"$9,346,153"
138,"Tyus Jones, PG",Memphis Grizzlies,"$9,258,000"
139,"Al-Farouq Aminu, PF",Orlando Magic,"$9,258,000"
140,"George Hill, PG",Milwaukee Bucks,"$9,133,907"
141,"Kyle Anderson, SF",Memphis Grizzlies,"$9,073,050"
142,"Taj Gibson, C",New York Knicks,"$9,000,000"
143,"Ja Morant, PG",Memphis Grizzlies,"$8,730,240"
144,"Lonzo Ball, PG",New Orleans Pelicans,"$8,719,320"
145,"E'Twaun Moore, G",New Orleans Pelicans,"$8,664,928"
146,"Marvin Bagley III, PF",Sacramento Kings,"$8,556,120"
147,"Bogdan Bogdanovic, SG",Sacramento Kings,"$8,529,386"
148,"P.J. Tucker, PF",Houston Rockets,"$8,349,039"
149,"C.J. Miles, SG",Washington Wizards,"$8,333,333"
150,"Cristiano Felicio, PF",Chicago Bulls,"$8,156,500"
151,"Ben Simmons, PG",Philadelphia 76ers,"$8,113,930"
152,"Kentavious Caldwell-Pope, SG",Los Angeles Lakers,"$8,089,282"
153,"Thomas Bryant, C",Washington Wizards,"$8,000,000"
154,"Elfrid Payton, PG",New York Knicks,"$8,000,000"
155,"Wayne Ellington, SG",New York Knicks,"$8,000,000"
156,"Maxi Kleber, PF",Dallas Mavericks,"$8,000,000"
157,"Lou Williams, SG",LA Clippers,"$8,000,000"
158,"RJ Barrett, SG",New York Knicks,"$7,839,960"
159,"Jayson Tatum, SF",Boston Celtics,"$7,830,000"
160,"Jae Crowder, PF",Miami Heat,"$7,815,533"
161,"Luka Doncic, PG",Dallas Mavericks,"$7,683,360"
162,"Joe Harris, SF",Brooklyn Nets,"$7,666,667"
163,"Darrell Arthur, F",Phoenix Suns,"$7,464,912"
164,"Seth Curry, SG",Dallas Mavericks,"$7,461,380"
165,"Doug McDermott, SF",Indiana Pacers,"$7,333,333"
166,"Langston Galloway, SG",Detroit Pistons,"$7,333,333"
167,"Derrick Rose, PG",Detroit Pistons,"$7,317,073"
168,"Brandon Ingram, SF",New Orleans Pelicans,"$7,265,485"
169,"D.J. Augustin, PG",Orlando Magic,"$7,250,000"
170,"Lance Thomas, F",Brooklyn Nets,"$7,119,650"
171,"De'Andre Hunter, SF",Atlanta Hawks,"$7,068,360"
172,"Josh Jackson, SG",Memphis Grizzlies,"$7,059,480"
173,"Davis Bertans, SF",Washington Wizards,"$7,000,000"
174,"Ersan Ilyasova, PF",Milwaukee Bucks,"$7,000,000"
175,"Darius Miller, SF",Oklahoma City Thunder,"$7,000,000"
176,"Jaren Jackson Jr., PF",Memphis Grizzlies,"$6,927,480"
177,"Nemanja Bjelica, PF",Sacramento Kings,"$6,825,000"
178,"Jaylen Brown, SG",Boston Celtics,"$6,534,829"
179,"Jabari Parker, PF",Sacramento Kings,"$6,500,000"
180,"Ivica Zubac, C",LA Clippers,"$6,481,482"
181,"Darius Garland, PG",Cleveland Cavaliers,"$6,400,920"
182,"De'Aaron Fox, PG",Sacramento Kings,"$6,392,760"
183,"Milos Teodosic, G",LA Clippers,"$6,300,000"
184,"Trae Young, PG",Atlanta Hawks,"$6,273,000"
185,"Wesley Johnson, F",Washington Wizards,"$6,134,520"
186,"Ish Smith, PG",Washington Wizards,"$6,000,000"
187,"Montrezl Harrell, C",LA Clippers,"$6,000,000"
188,"Marco Belinelli, G",San Antonio Spurs,"$5,846,154"
189,"Jarrett Culver, G",Minnesota Timberwolves,"$5,813,640"
190,"Jonathan Isaac, PF",Orlando Magic,"$5,806,440"
191,"Rodney Hood, SG",Portland Trail Blazers,"$5,718,000"
192,"Jonathon Simmons, G",Washington Wizards,"$5,700,000"
193,"Mo Bamba, C",Orlando Magic,"$5,697,600"
194,"Trey Lyles, PF",San Antonio Spurs,"$5,500,000"
195,"Alex Abrines, G",Oklahoma City Thunder,"$5,455,236"
196,"Aron Baynes, C",Phoenix Suns,"$5,453,280"
197,"Jason Smith, F",New Orleans Pelicans,"$5,450,000"
198,"Kris Dunn, PG",Chicago Bulls,"$5,348,007"
199,"Coby White, PG",Chicago Bulls,"$5,307,120"
200,"Lauri Markkanen, PF",Chicago Bulls,"$5,300,400"
201,"Alexis Ajinca, C",LA Clippers,"$5,285,394"
202,"Wendell Carter Jr., C",Chicago Bulls,"$5,201,400"
203,"Daniel Theis, C",Boston Celtics,"$5,000,000"
204,"Dirk Nowitzki, F",Dallas Mavericks,"$5,000,000"
205,"Kyle Singler, F",Oklahoma City Thunder,"$4,996,000"
206,"Jaxson Hayes, C",New Orleans Pelicans,"$4,862,040"
207,"Buddy Hield, SG",Sacramento Kings,"$4,861,208"
208,"Frank Ntilikina, PG",New York Knicks,"$4,855,800"
209,"Rodney McGruder, SG",LA Clippers,"$4,807,693"
210,"Richaun Holmes, C",Sacramento Kings,"$4,767,000"
211,"Frank Kaminsky, PF",Phoenix Suns,"$4,767,000"
212,"Mike Scott, PF",Philadelphia 76ers,"$4,767,000"
213,"Robin Lopez, C",Milwaukee Bucks,"$4,767,000"
214,"Avery Bradley, PG",Los Angeles Lakers,"$4,767,000"
215,"Justin Holiday, SF",Indiana Pacers,"$4,767,000"
216,"JaMychal Green, PF",LA Clippers,"$4,767,000"
217,"Ed Davis, C",Utah Jazz,"$4,767,000"
218,"Garrett Temple, SF",Brooklyn Nets,"$4,767,000"
219,"Enes Kanter, C",Boston Celtics,"$4,767,000"
220,"Collin Sexton, PG",Cleveland Cavaliers,"$4,764,960"
221,"Rui Hachimura, PF",Washington Wizards,"$4,469,160"
222,"Kevon Looney, C",Golden State Warriors,"$4,464,226"
223,"Dennis Smith Jr., PG",New York Knicks,"$4,463,640"
224,"Jamal Murray, PG",Denver Nuggets,"$4,444,746"
225,"Kevin Knox II, SF",New York Knicks,"$4,380,120"
226,"Luc Mbah a Moute, F",Houston Rockets,"$4,320,500"
227,"Cam Reddish, SF",Atlanta Hawks,"$4,245,720"
228,"Zach Collins, PF",Portland Trail Blazers,"$4,240,200"
229,"Mikal Bridges, SF",Phoenix Suns,"$4,161,000"
230,"Alex Len, C",Sacramento Kings,"$4,160,000"
231,"Nicolo Melli, PF",New Orleans Pelicans,"$4,102,564"
232,"Cameron Johnson, SF",Phoenix Suns,"$4,033,440"
233,"Malik Monk, SG",Charlotte Hornets,"$4,028,400"
234,"Patrick McCaw, SF",Toronto Raptors,"$4,000,000"
235,"JaVale McGee, C",Los Angeles Lakers,"$4,000,000"
236,"Dorian Finney-Smith, PF",Dallas Mavericks,"$4,000,000"
237,"Reggie Bullock, SF",New York Knicks,"$4,000,000"
238,"Shai Gilgeous-Alexander, PG",Oklahoma City Thunder,"$3,952,920"
239,"P.J. Washington, PF",Charlotte Hornets,"$3,831,840"
240,"Luke Kennard, SG",Detroit Pistons,"$3,827,160"
241,"Miles Bridges, SF",Charlotte Hornets,"$3,755,400"
242,"Jakob Poeltl, C",San Antonio Spurs,"$3,754,886"
243,"Tyler Herro, PG",Miami Heat,"$3,640,200"
244,"Donovan Mitchell, SG",Utah Jazz,"$3,635,760"
245,"Stanley Johnson, F",Toronto Raptors,"$3,623,000"
246,"Jake Layman, SF",Minnesota Timberwolves,"$3,581,986"
247,"Thon Maker, F",Detroit Pistons,"$3,569,643"
248,"Jerome Robinson, SG",Washington Wizards,"$3,567,720"
249,"Allonzo Trier, G",New York Knicks,"$3,551,000"
250,"Danuel House Jr., SF",Houston Rockets,"$3,540,000"
251,"Domantas Sabonis, PF",Indiana Pacers,"$3,529,555"
252,"Michael Beasley, F",Brooklyn Nets,"$3,500,000"
253,"DeMarcus Cousins, C",LA Clippers,"$3,500,000"
254,"T.J. McConnell, PG",Indiana Pacers,"$3,500,000"
255,"Boban Marjanovic, C",Dallas Mavericks,"$3,500,000"
256,"Dario Saric, PF",Phoenix Suns,"$3,481,986"
257,"Taurean Prince, PF",Brooklyn Nets,"$3,481,986"
258,"Romeo Langford, SG",Boston Celtics,"$3,458,400"
259,"Bam Adebayo, C",Miami Heat,"$3,454,080"
260,"Michael Porter Jr., SF",Denver Nuggets,"$3,389,400"
261,"Denzel Valentine, SG",Chicago Bulls,"$3,377,569"
262,"Juancho Hernangomez, F",Minnesota Timberwolves,"$3,321,030"
263,"Sekou Doumbouya, SF",Detroit Pistons,"$3,285,120"
264,"Justin Jackson, SF",Dallas Mavericks,"$3,280,920"
265,"Troy Brown Jr., SF",Washington Wizards,"$3,219,480"
266,"Yogi Ferrell, PG",Sacramento Kings,"$3,150,000"
267,"Zhaire Smith, G",Philadelphia 76ers,"$3,058,800"
268,"Khem Birch, C",Orlando Magic,"$3,000,000"
269,"Quinn Cook, PG",Los Angeles Lakers,"$3,000,000"
270,"Ryan Arcidiacono, PG",Chicago Bulls,"$3,000,000"
271,"Nickeil Alexander-Walker, SG",New Orleans Pelicans,"$2,964,840"
272,"D.J. Wilson, PF",Milwaukee Bucks,"$2,961,120"
273,"Cedi Osman, SF",Cleveland Cavaliers,"$2,907,143"
274,"Donte DiVincenzo, SG",Milwaukee Bucks,"$2,905,800"
275,"Bryn Forbes, SG",San Antonio Spurs,"$2,875,000"
276,"Goga Bitadze, C",Indiana Pacers,"$2,816,760"
277,"T.J. Leaf, PF",Indiana Pacers,"$2,813,280"
278,"Alex Caruso, SG",Los Angeles Lakers,"$2,750,000"
279,"Malik Beasley, SG",Minnesota Timberwolves,"$2,731,714"
280,"Lonnie Walker IV, SG",San Antonio Spurs,"$2,689,920"
281,"Luka Samanic, PF",San Antonio Spurs,"$2,689,920"
282,"John Collins, PF",Atlanta Hawks,"$2,686,560"
283,"Kevin Huerter, SG",Atlanta Hawks,"$2,636,280"
284,"Caris LeVert, SG",Brooklyn Nets,"$2,625,718"
285,"Marko Guduric, G",Memphis Grizzlies,"$2,625,000"
286,"DeAndre' Bembry, SG",Atlanta Hawks,"$2,603,982"
287,"Matisse Thybulle, SG",Philadelphia 76ers,"$2,582,160"
288,"Harry Giles III, PF",Sacramento Kings,"$2,578,800"
289,"Wesley Matthews, SG",Milwaukee Bucks,"$2,564,753"
290,"Rajon Rondo, PG",Los Angeles Lakers,"$2,564,753"
291,"Nene Hilario, C",Atlanta Hawks,"$2,564,753"
292,"Josh Okogie, SF",Minnesota Timberwolves,"$2,530,680"
293,"Vincent Poirier, C",Boston Celtics,"$2,505,793"
294,"Manu Ginobili, G",San Antonio Spurs,"$2,500,000"
295,"Rondae Hollis-Jefferson, SF",Toronto Raptors,"$2,500,000"
296,"Brandon Clarke, PF",Memphis Grizzlies,"$2,478,840"
297,"Terrance Ferguson, SF",Oklahoma City Thunder,"$2,475,840"
298,"Emeka Okafor, C",Philadelphia 76ers,"$2,445,085"
299,"Kendrick Perkins, C",Cleveland Cavaliers,"$2,445,085"
300,"Grayson Allen, SG",Memphis Grizzlies,"$2,429,400"
301,"Grant Williams, PF",Boston Celtics,"$2,379,840"
302,"Jarrett Allen, C",Brooklyn Nets,"$2,376,840"
303,"Pascal Siakam, PF",Toronto Raptors,"$2,351,839"
304,"Skal Labissiere, F",Portland Trail Blazers,"$2,338,847"
305,"Chandler Hutchison, SF",Chicago Bulls,"$2,332,320"
306,"Aaron Holiday, PG",Indiana Pacers,"$2,329,200"
307,"Dejounte Murray, PG",San Antonio Spurs,"$2,321,735"
308,"Damian Jones, C",Atlanta Hawks,"$2,305,057"
309,"Darius Bazley, PF",Oklahoma City Thunder,"$2,284,800"
310,"OG Anunoby, SF",Toronto Raptors,"$2,281,800"
311,"Ante Zizic, C",Cleveland Cavaliers,"$2,281,800"
312,"Luke Kornet, C",Chicago Bulls,"$2,250,000"
313,"Brandon Jennings, G",Milwaukee Bucks,"$2,222,803"
314,"Ty Jerome, SG",Phoenix Suns,"$2,193,480"
315,"Willie Cauley-Stein, C",Dallas Mavericks,"$2,177,483"
316,"Anfernee Simons, SG",Portland Trail Blazers,"$2,149,560"
317,"Austin Rivers, SG",Houston Rockets,"$2,147,317"
318,"Nassir Little, SF",Portland Trail Blazers,"$2,105,520"
319,"Moritz Wagner, C",Washington Wizards,"$2,063,520"
320,"Sean Kilpatrick, G",Chicago Bulls,"$2,054,856"
321,"Dylan Windler, SG",Cleveland Cavaliers,"$2,035,800"
322,"Caleb Swanigan, F",Portland Trail Blazers,"$2,033,160"
323,"Mike Muscala, C",Oklahoma City Thunder,"$2,028,594"
324,"Ben McLemore, SG",Houston Rockets,"$2,028,594"
325,"Edmond Sumner, PG",Indiana Pacers,"$2,000,000"
326,"Noah Vonleh, F",Denver Nuggets,"$2,000,000"
327,"Torrey Craig, SF",Denver Nuggets,"$2,000,000"
328,"Landry Shamet, SG",LA Clippers,"$1,995,120"
329,"Mfiondu Kabengele, C",LA Clippers,"$1,977,000"
330,"Kyle Kuzma, SF",Los Angeles Lakers,"$1,974,600"
331,"Jordan Poole, SG",Golden State Warriors,"$1,964,760"
332,"Tony Bradley, C",Utah Jazz,"$1,962,360"
333,"Keldon Johnson, SF",San Antonio Spurs,"$1,950,600"
334,"Derrick White, PG",San Antonio Spurs,"$1,948,080"
335,"Robert Williams III, C",Boston Celtics,"$1,937,520"
336,"Jacob Evans, G",Minnesota Timberwolves,"$1,925,880"
337,"Dzanan Musa, F",Brooklyn Nets,"$1,911,600"
338,"Omari Spellman, F",Golden State Warriors,"$1,897,800"
339,"James Ennis III, SF",Orlando Magic,"$1,882,867"
340,"Shabazz Napier, G",Washington Wizards,"$1,845,301"
341,"Bruno Caboclo, F",Houston Rockets,"$1,845,301"
342,"DeAndre Liggins, G",Miami Heat,"$1,795,015"
343,"Markieff Morris, PF",Los Angeles Lakers,"$1,750,000"
344,"Mario Hezonja, F",Portland Trail Blazers,"$1,737,145"
345,"Cameron Payne, PG",Phoenix Suns,"$1,737,145"
346,"Pat Connaughton, SG",Milwaukee Bucks,"$1,723,050"
347,"Jahlil Okafor, C",New Orleans Pelicans,"$1,702,486"
348,"Rodions Kurucs, SF",Brooklyn Nets,"$1,699,236"
349,"Jonah Bolden, PF",Phoenix Suns,"$1,698,450"
350,"Cheick Diallo, F",Phoenix Suns,"$1,678,854"
351,"Dragan Bender, F",Golden State Warriors,"$1,678,854"
352,"Willy Hernangomez, C",Charlotte Hornets,"$1,676,735"
353,"Julyan Stone, G",Chicago Bulls,"$1,656,092"
354,"MarShon Brooks, G",Chicago Bulls,"$1,656,092"
355,"Josh Hart, SG",New Orleans Pelicans,"$1,655,160"
356,"Georges Niang, F",Utah Jazz,"$1,645,357"
357,"Treveon Graham, F",Atlanta Hawks,"$1,645,357"
358,"Christian Wood, C",Detroit Pistons,"$1,645,357"
359,"Jordan McRae, G",Detroit Pistons,"$1,645,357"
360,"Derrick Jones Jr., SF",Miami Heat,"$1,645,357"
361,"Tim Frazier, PG",Detroit Pistons,"$1,620,564"
362,"Isaiah Taylor, G",Toronto Raptors,"$1,620,564"
363,"Raul Neto, PG",Philadelphia 76ers,"$1,620,564"
364,"Emmanuel Mudiay, G",Utah Jazz,"$1,620,564"
365,"Tyler Lydon, F",Sacramento Kings,"$1,620,564"
366,"Glenn Robinson III, F",Philadelphia 76ers,"$1,620,564"
367,"Patrick Patterson, PF",LA Clippers,"$1,620,564"
368,"Furkan Korkmaz, SG",Philadelphia 76ers,"$1,620,564"
369,"Shaquille Harrison, SG",Chicago Bulls,"$1,620,564"
370,"Kyle O'Quinn, C",Philadelphia 76ers,"$1,620,564"
371,"Michael Carter-Williams, PG",Orlando Magic,"$1,620,564"
372,"Nerlens Noel, C",Oklahoma City Thunder,"$1,620,564"
373,"Alec Burks, SG",Philadelphia 76ers,"$1,620,564"
374,"Wilson Chandler, F",Brooklyn Nets,"$1,620,564"
375,"Kyle Korver, G",Milwaukee Bucks,"$1,620,564"
376,"Udonis Haslem, PF",Miami Heat,"$1,620,564"
377,"Jared Dudley, SF",Los Angeles Lakers,"$1,620,564"
378,"Dwight Howard, C",Los Angeles Lakers,"$1,620,564"
379,"JaKarr Sampson, SF",Indiana Pacers,"$1,620,564"
380,"Justin Patton, C",Oklahoma City Thunder,"$1,620,564"
381,"Ryan Anderson, PF",Houston Rockets,"$1,620,564"
382,"Thabo Sefolosha, F",Houston Rockets,"$1,620,564"
383,"Gerald Green, G",Houston Rockets,"$1,620,564"
384,"Tyson Chandler, C",Houston Rockets,"$1,620,564"
385,"Jordan Bell, F",Memphis Grizzlies,"$1,620,564"
386,"Joe Johnson, G",Detroit Pistons,"$1,620,564"
387,"Trey Burke, PG",Dallas Mavericks,"$1,620,564"
388,"J.J. Barea, G",Dallas Mavericks,"$1,620,564"
389,"Jarell Martin, F",Cleveland Cavaliers,"$1,620,564"
390,"Isaiah Thomas, G",Washington Wizards,"$1,620,564"
391,"Vince Carter, G",Atlanta Hawks,"$1,620,564"
392,"Dillon Brooks, SF",Memphis Grizzlies,"$1,618,520"
393,"Royce O'Neale, PF",Utah Jazz,"$1,618,520"
394,"Abdel Nader, SF",Oklahoma City Thunder,"$1,618,520"
395,"Dwayne Bacon, SG",Charlotte Hornets,"$1,618,520"
396,"Semi Ojeleye, PF",Boston Celtics,"$1,618,520"
397,"Frank Jackson, PG",New Orleans Pelicans,"$1,618,520"
398,"Sterling Brown, SF",Milwaukee Bucks,"$1,618,520"
399,"Damyean Dotson, SG",New York Knicks,"$1,618,520"
400,"Wes Iwundu, SF",Orlando Magic,"$1,618,420"
401,"Dwight Buycks, G",Detroit Pistons,"$1,600,520"
402,"Mitchell Robinson, C",New York Knicks,"$1,599,712"
403,"Chris Boucher, PF",Toronto Raptors,"$1,588,231"
404,"Malcolm Miller, F",Toronto Raptors,"$1,588,231"
405,"Monte Morris, PG",Denver Nuggets,"$1,588,231"
406,"Antonio Blakeney, G",Chicago Bulls,"$1,588,231"
407,"Tyrone Wallace, SG",Atlanta Hawks,"$1,588,231"
408,"Malachi Richardson, G",Philadelphia 76ers,"$1,569,360"
409,"Georgios Papagiannis, C",Portland Trail Blazers,"$1,544,951"
410,"Chinanu Onuaku, C",Portland Trail Blazers,"$1,544,951"
411,"Wade Baldwin IV, G",Indiana Pacers,"$1,544,951"
412,"Isaiah Whitehead, G",Detroit Pistons,"$1,544,951"
413,"Paul Zipser, F",Chicago Bulls,"$1,544,951"
414,"Amile Jefferson, F",Orlando Magic,"$1,529,007"
415,"Omri Casspi, F",Memphis Grizzlies,"$1,512,601"
416,"Lorenzo Brown, G",Guangzhou Guangzhou Long-Lions,"$1,512,601"
417,"Isaiah Canaan, G",Milwaukee Bucks,"$1,512,601"
418,"Dwyane Wade, G",Miami Heat,"$1,512,601"
419,"Nigel Williams-Goss, G",Utah Jazz,"$1,500,000"
420,"Isaiah Roby, F",Oklahoma City Thunder,"$1,500,000"
421,"Alfonzo McKinnie, SF",Cleveland Cavaliers,"$1,500,000"
422,"Shake Milton, SG",Philadelphia 76ers,"$1,455,697"
423,"Thanasis Antetokounmpo, SF",Milwaukee Bucks,"$1,445,697"
424,"Brad Wanamaker, PG",Boston Celtics,"$1,445,697"
425,"Derrick Walton Jr., G",Detroit Pistons,"$1,445,697"
426,"Wenyen Gabriel, F",Portland Trail Blazers,"$1,445,697"
427,"Theo Pinson, G",Brooklyn Nets,"$1,445,697"
428,"Iman Shumpert, G",Brooklyn Nets,"$1,419,138"
429,"De'Anthony Melton, SG",Memphis Grizzlies,"$1,416,852"
430,"Gary Trent Jr., SG",Portland Trail Blazers,"$1,416,852"
431,"Svi Mykhailiuk, SG",Detroit Pistons,"$1,416,852"
432,"Jemerrio Jones, F",Milwaukee Bucks,"$1,416,852"
433,"Kenrich Williams, SF",New Orleans Pelicans,"$1,416,852"
434,"Deonte Burton, G",Oklahoma City Thunder,"$1,416,852"
435,"Keita Bates-Diop, SF",Denver Nuggets,"$1,416,852"
436,"Chimezie Metu, PF",San Antonio Spurs,"$1,416,852"
437,"Ryan Broekhoff, G",Dallas Mavericks,"$1,416,852"
438,"Melvin Frazier Jr., G",Orlando Magic,"$1,416,852"
439,"Elie Okobo, G",Phoenix Suns,"$1,416,852"
440,"Bruce Brown, SF",Detroit Pistons,"$1,416,852"
441,"Jevon Carter, PG",Phoenix Suns,"$1,416,852"
442,"Jarred Vanderbilt, PF",Minnesota Timberwolves,"$1,416,852"
443,"Duncan Robinson, SG",Miami Heat,"$1,416,852"
444,"Kendrick Nunn, G",Miami Heat,"$1,416,852"
445,"Isaiah Hartenstein, C",Houston Rockets,"$1,416,852"
446,"Khyri Thomas, SG",Detroit Pistons,"$1,416,852"
447,"Hamidou Diallo, SG",Oklahoma City Thunder,"$1,416,852"
448,"Jalen Brunson, PG",Dallas Mavericks,"$1,416,852"
449,"Alize Johnson, F",Indiana Pacers,"$1,416,852"
450,"Devonte' Graham, PG",Charlotte Hornets,"$1,416,852"
451,"Dairis Bertans, G",New Orleans Pelicans,"$1,416,852"
452,"Yante Maten, F",Boston Celtics,"$1,416,852"
453,"Isaac Bonga, G",Washington Wizards,"$1,416,842"
454,"Tarik Phillip, G",Washington Wizards,"$1,416,842"
455,"Jaylen Nowell, SG",Minnesota Timberwolves,"$1,400,000"
456,"Bruno Fernando, F",Atlanta Hawks,"$1,400,000"
457,"Dakari Johnson, C",Memphis Grizzlies,"$1,378,242"
458,"Kyle Collinsworth, G",Utah Jazz,"$1,378,242"
459,"Brandon Paul, G",San Antonio Spurs,"$1,378,242"
460,"Jaylen Morris, G",Milwaukee Bucks,"$1,378,242"
461,"Rodney Purvis, G",Miami Heat,"$1,378,242"
462,"David Stockton, G",Los Angeles Lakers,"$1,378,242"
463,"Zhou Qi, C",Houston Rockets,"$1,378,242"
464,"Aaron Jackson, F",Houston Rockets,"$1,378,242"
465,"Ike Anigbogu, C",New Orleans Pelicans,"$1,378,242"
466,"Carmelo Anthony, PF",Portland Trail Blazers,"$1,364,204"
467,"Jabari Bird, G",Atlanta Hawks,"$1,349,464"
468,"Ben Moore, F",San Antonio Spurs,"$1,349,383"
469,"James Nunnally, SF",New Orleans Pelicans,"$1,349,383"
470,"Kevin Porter Jr., SG",Cleveland Cavaliers,"$1,290,960"
471,"Carsen Edwards, PG",Boston Celtics,"$1,228,026"
472,"Okaro White, F",Washington Wizards,"$1,187,862"
473,"Cody Martin, SF",Charlotte Hornets,"$1,173,310"
474,"Gary Payton II, G",Washington Wizards,"$1,052,909"
475,"Nick Young, G",Denver Nuggets,"$1,042,584"
476,"Admiral Schofield, F",Washington Wizards,"$1,000,000"
477,"Terance Mann, SG",LA Clippers,"$1,000,000"
478,"Ron Baker, G",Washington Wizards,"$948,580"
479,"David Nwaba, SF",Brooklyn Nets,"$903,111"
480,"Jalen McDaniels, PF",Charlotte Hornets,"$898,310"
481,"Dewan Hernandez, F",Toronto Raptors,"$898,310"
482,"Daniel Gafford, C",Chicago Bulls,"$898,310"
483,"Miye Oni, SG",Utah Jazz,"$898,310"
484,"Eric Paschall, F",Golden State Warriors,"$898,310"
485,"Stanton Kidd, SF",Utah Jazz,"$898,310"
486,"Terence Davis, SG",Toronto Raptors,"$898,310"
487,"Ignas Brazdeikis, SF",New York Knicks,"$898,310"
488,"Nic Claxton, PF",Brooklyn Nets,"$898,310"
489,"Naz Reid, C",Minnesota Timberwolves,"$898,310"
490,"Jalen Lecque, G",Phoenix Suns,"$898,310"
491,"Justin Robinson, G",Washington Wizards,"$898,310"
492,"KZ Okpala, SF",Miami Heat,"$898,310"
493,"Max Strus, SG",Chicago Bulls,"$898,310"
494,"Caleb Martin, SF",Charlotte Hornets,"$898,310"
495,"Talen Horton-Tucker, SG",Los Angeles Lakers,"$898,310"
496,"Alen Smailagic, PF",Golden State Warriors,"$898,310"
497,"Vlatko Cancar, SF",Denver Nuggets,"$898,310"
498,"Justin James, G",Sacramento Kings,"$898,310"
499,"Matt Thomas, SG",Toronto Raptors,"$898,310"
500,"Javonte Green, SF",Boston Celtics,"$898,310"
501,"Damion Lee, SG",Golden State Warriors,"$842,327"
502,"Isaiah Briscoe, G",Orlando Magic,"$838,464"
503,"Juwan Morgan, F",Utah Jazz,"$746,054"
504,"Marquese Chriss, SF",Golden State Warriors,"$654,469"
505,"Timothe Luwawu-Cabarrot, SG",Brooklyn Nets,"$654,469"
506,"Marvin Williams, F",Milwaukee Bucks,"$604,278"
507,"Michael Kidd-Gilchrist, F",Dallas Mavericks,"$595,122"
508,"Rayjon Tucker, SG",Utah Jazz,"$578,573"
509,"Chris Clemons, G",Houston Rockets,"$563,347"
510,"Gary Clark, SF",Orlando Magic,"$555,409"
511,"Brandon Goodwin, PG",Atlanta Hawks,"$522,738"
512,"Reggie Jackson, PG",LA Clippers,"$512,721"
513,"DeMarre Carroll, F",Houston Rockets,"$512,721"
514,"Anzejs Pasecniks, C",Washington Wizards,"$482,144"
515,"Chris Silva, PF",Miami Heat,"$466,918"
516,"Jeff Green, PF",Houston Rockets,"$439,475"
517,"Troy Daniels, G",Denver Nuggets,"$384,541"
518,"Dion Waiters, G",Los Angeles Lakers,"$375,385"
519,"Norvel Pelle, PF",Philadelphia 76ers,"$350,189"
520,"Ky Bowman, G",Golden State Warriors,"$350,189"
521,"Juan Toscano-Anderson, SF",Golden State Warriors,"$350,189"
522,"JR Smith, G",Los Angeles Lakers,"$289,803"
523,"Tyler Zeller, C",San Antonio Spurs,"$245,686"
524,"Jimmer Fredette, G",Phoenix Suns,"$208,509"
525,"Jontay Porter, PF",Memphis Grizzlies,"$197,933"
526,"Anthony Tolliver, PF",Memphis Grizzlies,"$183,115"
527,"Tyler Johnson, SG",Brooklyn Nets,"$183,115"
528,"Luguentz Dort, SF",Oklahoma City Thunder,"$155,647"